tahun,total sampah
2015,19458.12
2016,19458.12
2017,19458.12
2018,21056.120000000003
2019,21575.909999999996
2020,22356.0
2021,14763.770000000002
2022,
2023,
